STREET,INTERSECTI,ADDRESS,LONG.,LAT.
BROAD ST,S PENN SQ,S BROAD ST & S PENN SQ,-75.16402480980,39.95162917160
MARKET ST,20TH ST,MARKET ST & N 20TH ST,-75.17317748970,39.95357262870
LOMBARD ST,8TH ST,LOMBARD ST & S 8TH ST,-75.15526827990,39.94341632610
20TH ST,CHESTNUT ST,S 20TH ST & CHESTNUT ST,-75.17349065830,39.95205378130
JFK BLVD,17TH ST,JOHN F KENNEDY BLVD & N 17TH ST,-75.16821465930,39.95400633090
JFK BLVD,18TH ST,JOHN F KENNEDY BLVD & N 18TH ST,-75.16978956800,39.95419623690
BROAD ST,CHERRY ST,N BROAD ST & CHERRY ST,-75.16301596710,39.95534633000
21ST ST,MARKET ST,N 21ST ST & MARKET ST,-75.17508762650,39.95380153950
MARKET ST,21ST ST,MARKET ST & N 21ST ST,-75.17508762650,39.95380153950
12TH ST,WALNUT ST,S 12TH ST & WALNUT ST,-75.16053818310,39.94888177680
SOUTH ST,23RD ST,SOUTH ST & S 23RD ST,-75.17973344000,39.94541502660
JFK BLVD,19TH ST,JOHN F KENNEDY BLVD & N 19TH ST,-75.17136676960,39.95438127840
VINE ST,20TH ST,VINE ST & N 20TH ST,-75.17191187630,39.95928991190
19TH ST,CHESTNUT ST,S 19TH ST & CHESTNUT ST,-75.17191652610,39.95185711740
11TH ST,WALNUT ST,S 11TH ST & WALNUT ST,-75.15896641670,39.94868229130
19TH ST,VINE ST,N 19TH ST & VINE ST,-75.17034291050,39.95909200190
SPRING GARDEN ST,BROAD ST,SPRING GARDEN ST & N BROAD ST,-75.16138425000,39.96247527080
LOMBARD ST,12TH ST,LOMBARD ST & S 12TH ST,-75.16155618740,39.94419743700
MARKET ST,4TH ST,MARKET ST & N 4TH ST,-75.14725816700,39.95037181310
16TH ST,SPRING GARDEN ST,N 16TH ST & SPRING GARDEN ST,-75.16468388930,39.96279320470
22ND ST,CHESTNUT ST,S 22ND ST & CHESTNUT ST,-75.17700204810,39.95249506410
21ST ST,WINTER ST,N 21ST ST & WINTER ST,-75.17394799820,39.95900447860
S. MATTIS ST,DOCK ST,38TH PARALLEL PL & DOCK ST,-75.14378838050,39.94533962240
11TH ST,LOCUST ST,S 11TH ST & LOCUST ST,-75.15921192670,39.94754555780
LOMBARD ST,17TH ST,LOMBARD ST & S 17TH ST,-75.17010529240,39.94526857740
4TH ST,MARKET ST,N 4TH ST & MARKET ST,-75.14725816700,39.95037181310
MARKET ST,5TH ST,MARKET ST & N 5TH ST,-75.14891845540,39.95055537820
VINE ST,19TH ST,VINE ST & N 19TH ST,-75.17034291050,39.95909200190
BROAD ST,SPRING GARDEN ST,N BROAD ST & SPRING GARDEN ST,-75.16138425000,39.96247527080
ARCH ST,20TH ST,ARCH ST & N 20TH ST,-75.17278494660,39.95560585860
11TH ST,LOMBARD ST,S 11TH ST & LOMBARD ST,-75.15998554410,39.94401026650
SPRING GARDEN ST,17TH ST,SPRING GARDEN ST & N 17TH ST,-75.16625245060,39.96299169670
19TH ST,JFK BLVD,N 19TH ST & JOHN F KENNEDY BLVD,-75.17136676960,39.95438127840
BROAD ST,ARCH ST,N BROAD ST & ARCH ST,-75.16321579680,39.95442583190
8TH ST,ARCH ST,N 8TH ST & ARCH ST,-75.15314474210,39.95315474930
BROAD ST,CALLOWHILL ST,N BROAD ST & CALLOWHILL ST,-75.16209185410,39.95960821940
ARCH ST,4TH ST,ARCH ST & N 4TH ST,-75.14680649240,39.95237076240
4TH ST,ARCH ST,N 4TH ST & ARCH ST,-75.14680649240,39.95237076240
MARKET ST,SCHUYLKILL AVE,MARKET ST & N SCHUYLKILL AVE W,-75.18121949660,39.95459533750
ARCH ST,19TH ST,ARCH ST & N 19TH ST,-75.17113448220,39.95539520550
ARCH ST,7TH ST,ARCH ST & N 7TH ST,-75.15154008630,39.95294970240
20TH ST,COMMERCE ST,N 20TH ST & COMMERCE ST,-75.17306678700,39.95420950740
JFK BLVD,20TH ST,JOHN F KENNEDY BLVD & N 20TH ST,-75.17300469450,39.95455427030
JFK BLVD,15TH,JOHN F KENNEDY BLVD & N 15TH ST,-75.16506447100,39.95360997090
15TH ST,MARKET ST,N 15TH ST & MARKET ST,-75.16522793890,39.95257774550
16th ST,MARKET ST,N 16TH ST & MARKET ST,-75.16685749440,39.95278012000
22ND ST,WINTER ST,N 22ND ST & WINTER ST,-75.17553765310,39.95919304180
29TH ST,MARKET ST,MARKET ST & N SCHUYLKILL AVE W,-75.18121949660,39.95459533750
SPRING GARDEN ST,7TH ST,SPRING GARDEN ST & N 7TH ST,-75.14984269660,39.96136203150
SPRING GARDEN ST,8TH ST,SPRING GARDEN ST & N 8TH ST,-75.15179240710,39.96144492870
ARCH ST,11TH ST,ARCH ST & N 11TH ST,-75.15786430080,39.95374946990
17TH ST,MARKET ST,N 17TH ST & MARKET ST,-75.16844424100,39.95297694780
23RD ST,CHESTNUT ST,S 23RD ST & CHESTNUT ST,-75.17814958900,39.95263442630
22ND ST,SOUTH ST,S 22ND ST & SOUTH ST,-75.17857828910,39.94527024410
8TH ST,RACE ST,N 8TH ST & RACE ST,-75.15273564970,39.95500997390
11TH ST,CHESTNUT ST,S 11TH ST & CHESTNUT ST,-75.15863406140,39.95020405060
16TH ST,CHESTNUT ST,S 16TH ST & CHESTNUT ST,-75.16719569080,39.95126484250
BROAD ST,PINE ST,S BROAD ST & PINE ST,-75.16515401530,39.94555823950
JFK BLVD,15TH ST,JOHN F KENNEDY BLVD & N 15TH ST,-75.16506447100,39.95360997090
COLUMBUS BLVD,DOCK ST,COLUMBUS BLVD & DOCK ST,-75.14205631330,39.94512540330
7TH ST,CHESTNUT ST,S 7TH ST & CHESTNUT ST,-75.15233707680,39.94942255430
8TH ST,MARKET ST,N 8TH ST & MARKET ST,-75.15358353220,39.95112816420
16TH ST,JFK BLVD,N 16TH ST & JOHN F KENNEDY BLVD,-75.16661761920,39.95379915750
SPRING GARDEN ST,8TH ST,SPRING GARDEN ST & N 8TH ST,-75.15179240710,39.96144492870
MARKET ST,4TH ST,MARKET ST & N 4TH ST,-75.14725816700,39.95037181310
19TH ST,JFK BLVD,N 19TH ST & JOHN F KENNEDY BLVD,-75.17136676960,39.95438127840
GREENE ST,CHELTEN AV,GREENE ST & W CHELTEN AVE,-75.17649623880,40.03409785740
WAYNE AV,CHELTEN AV,WAYNE AVE & W CHELTEN AVE,-75.17891466430,40.03173806870
GERMANTOWN AV,SEDGWICK ST,GERMANTOWN AVE & E SEDGWICK ST,-75.18807770000,40.05689949280
GERMANTOWN AV,NORTHWESTERN,GERMANTOWN AVE & NORTHWESTERN AVE,-75.23050100210,40.08602375550
WAYNE AV,SCHOOL HOUSE LN,WAYNE AVE & W SCHOOL HOUSE,-75.17670603060,40.03046120370
GERMANTOWN AV,CHELTEN AV,GERMANTOWN AVE & E CHELTEN AVE,-75.17472531940,40.03582198020
GERMANTOWN AV,HAINES ST,GERMANTOWN AVE & E HAINES ST,-75.17695585820,40.03842369440
GERMANTOWN AV,ASHMEAD PL,GERMANTOWN AVE & S ASHMEAD PL,-75.16648911770,40.03079540980
STENTON AV,MT PLEASANT AV,STENTON AVE & E MOUNT PLEASANT AVE,-75.17930583080,40.06748374480
WADSWORTH AV,PICKERING AV,WADSWORTH AVE & PICKERING AVE,-75.17260021180,40.08046968630
CB MOORE AV,BROAD ST,CECIL B MOORE AVE & N BROAD ST,-75.15791562840,39.97870886250
GIRARD AV,12TH ST,W GIRARD AVE & N 12TH ST,-75.15571930090,39.97098284410
GIRARD AV,PALMER ST,E GIRARD AVE & E PALMER ST,-75.12842762130,39.97085102140
GIRARD AV,29TH ST,W GIRARD AVE & N 29TH ST,-75.18346785710,39.97456686560
GIRARD AV,11TH ST,W GIRARD AVE & N 11TH ST,-75.15415068110,39.97077954220
OLD YORK RD,MEDARY AV,OLD YORK RD & MEDARY AVE,-75.14416856200,40.04988720760
GIRARD AV,8TH ST,W GIRARD AVE & N 8TH ST,-75.14996763220,39.97048649170
BROAD ST,66TH AV,N BROAD ST & 66TH AVE,-75.14156140720,40.05360097790
OGONTZ AV,74TH AV,OGONTZ AVE & 74TH AVE,-75.15628672700,40.06700762900
GIRARD AV,17TH ST,W GIRARD AVE & N 17TH ST,-75.16427913800,39.97208216840
LINDLEY AV,BROAD ST,LINDLEY AVE & N BROAD ST,-75.14657624110,40.03063853080
OLNEY AV,19TH ST,W OLNEY AVE & N 19TH ST,-75.15283768250,40.03929524670
CB MOORE AV,13TH ST,CECIL B MOORE AVE & N 13TH ST,-75.15570510730,39.97837061200
GERMANTOWN AV,TIOGA ST,GERMANTOWN AVE & W TIOGA ST,-75.14973809760,40.00588994040
GIRARD AV,6TH ST,W GIRARD AVE & N 6TH ST,-75.14654476890,39.97038164770
GIRARD AV,4TH ST,W GIRARD AVE & N 4TH ST,-75.14309536110,39.96995576340
YORK ST,26TH ST,W YORK ST & N 26TH ST,-75.17495154870,39.99187536260
BROAD ST,GRANGE AV,N BROAD ST & W GRANGE AVE,-75.14422518450,40.04138268420
OLD YORK RD,GRANGE AV,OLD YORK RD & W GRANGE AVE,-75.14447838520,40.04119446820
GERMANTOWN AV,ERIE AV,GERMANTOWN AVE & W ERIE AVE,-75.15081093260,40.00919771950
BROAD ST,LOUDON ST,N BROAD ST & W LOUDON ST,-75.14755641520,40.02613961620
OLD YORK RD,CHAMPLOST AV,OLD YORK RD & W CHAMPLOST AVE,-75.14461351540,40.04456250370
OGONTZ AV,76TH AV,OGONTZ AVE & 76TH AVE,-75.15716662590,40.06996441960
CB MOORE AV,12TH ST,CECIL B MOORE AVE & N 12TH ST,-75.15415368690,39.97816724600
33RD ST,DAUPHIN ST,N 33RD ST & W DAUPHIN ST,-75.18637221390,39.99177817140
33RD ST,DIAMOND ST,N 33RD ST & DIAMOND ST,-75.18706037690,39.98866643370
RIDGE AV,CUMBERLAND RD,RIDGE AVE & W CUMBERLAND DR,-75.18726166640,39.99494822340
OLD YORK RD,STENTON AV,OLD YORK RD & STENTON AVE,-75.14495947150,40.04868190690
BROAD ST,TIOGA ST,N BROAD ST & W TIOGA ST,-75.15192156210,40.00616852260
22ND ST,SOMERSET ST,N 22ND ST & W SOMERSET ST,-75.16721631640,39.99719844830
22ND ST,FOX ST,N 22ND ST & FOX ST,-75.16652846710,40.00040377660
22ND ST,INDIANA AV,N 22ND ST & W INDIANA AVE,-75.16656379910,40.00020076950
22ND ST,CAMBRIA ST,N 22ND ST & W CAMBRIA ST,-75.16689588060,39.99868933720
BROAD ST,MONTGOMERY AV,N BROAD ST & W MONTGOMERY AVE,-75.15758279740,39.98022419360
BROAD ST,BERKS ST,N BROAD ST & W BERKS ST,-75.15725547390,39.98169482010
BROAD ST,RISING SUN AV,N BROAD ST & RISING SUN AVE,-75.15255074900,40.00318283650
LEHIGH AV,GERMANTOWN AV,W LEHIGH AVE & GERMANTOWN AVE,-75.14788703690,39.99307987900
BROAD ST,NORRIS ST,N BROAD ST & W NORRIS ST,-75.15691577820,39.98322097100
BROAD ST,RUSCOMB ST,N BROAD ST & W RUSCOMB ST,-75.14691352340,40.02914516670
HUNTING PARK AV,STOKLEY ST,W HUNTING PARK AVE & STOKLEY ST,-75.17035734010,40.00840786540
BROAD ST,ROCKLAND ST,N BROAD ST & W ROCKLAND ST,-75.14721962620,40.02764514310
BROAD ST,ROCKLAND ST,N BROAD ST & W ROCKLAND ST,-75.14721962620,40.02764514310
LEHIGH AV,LAWRENCE ST,W LEHIGH AVE & N LAWRENCE ST,-75.13926139020,39.99197058110
CB MOORE AV,BROAD ST,CECIL B MOORE AVE & N BROAD ST,-75.15791562840,39.97870886250
BROAD ST,CB MOORE AV,N BROAD ST & CECIL B MOORE AVE,-75.15791562840,39.97870886250
BROAD ST,SOMERVILLE AV,N BROAD ST & W SOMERVILLE AVE,-75.14555423770,40.03526310350
GIRARD AV &,POPLAR DR,,-75.23275949520,40.05620361170
LEHIGH AV,22ND ST,W LEHIGH AVE & N 22ND ST,-75.16756842660,39.99562257950
LEHIGH AV,22ND ST,W LEHIGH AVE & N 22ND ST,-75.16756842660,39.99562257950
LEHIGH AV,20TH ST,W LEHIGH AVE & N 20TH ST,-75.16409575060,39.99517002980
LEHIGH AV,20TH ST,W LEHIGH AVE & N 20TH ST,-75.16409575060,39.99517002980
66TH AV,16TH ST,66TH AVE & N 16TH ST,-75.14476213410,40.05402350890
LEHIGH AV,17TH ST,W LEHIGH AVE & N 17TH ST,-75.15936778570,39.99452638500
ALLEGHENY AV,FRANKFORD AV,E ALLEGHENY AVE & FRANKFORD AVE,-75.11025974590,39.99295826520
ALLEGHENY AV,FRANKFORD AV,E ALLEGHENY AVE & FRANKFORD AVE,-75.11025974590,39.99295826520
ROOSEVELT BLVD,RED LION,E ROOSEVELT BLVD & RED LION RD,-75.01552888180,40.09486135020
BUSTLETON AV,RHAWN ST,BUSTLETON AVE & RHAWN ST,-75.05202317650,40.05953669360
BUSTLETON AV,COTTMAN AV,BUSTLETON AVE & COTTMAN AVE,-75.05993725280,40.04775231670
BUSTLETON AV,BOWLER ST,BUSTLETON AVE & BOWLER ST,-75.03270554200,40.09102516820
BUSTLETON AV,VERREE RD,BUSTLETON AVE & VERREE RD,-75.02630579240,40.10832580320
COTTMAN AV,FRANKFORD AV,COTTMAN AVE & FRANKFORD AVE,-75.04075351260,40.03679473280
BUSTLETON AV,TYSON AV,BUSTLETON AVE & TYSON AVE,-75.06314407790,40.04290261160
CASTOR AV,COTTMAN AV,CASTOR AVE & COTTMAN AVE,-75.06604683770,40.05118232270
ERIE AV,KENSINGTON AV,E ERIE AVE & KENSINGTON AVE,-75.09634801620,40.00585291300
CASTOR AV,MAGEE AV,CASTOR AVE & MAGEE AVE,-75.07503370480,40.04194114300
OXFORD AV,PRATT ST,OXFORD AVE & PRATT ST,-75.08493161380,40.02637792950
RISING SUN,MARTINS,RISING SUN AVE & MARTINS MILL RD,-75.09213222560,40.05317943500
RISING SUN,ADAMS,RISING SUN AVE & ADAMS AVE,-75.11001148570,40.03915034790
RISING SUN,ADAMS,RISING SUN AVE & ADAMS AVE,-75.11001148570,40.03915034790
FRANKFORD AV,RHAWN ST,FRANKFORD AVE & RHAWN ST,-75.02825703840,40.04136484290
ACADMEY RD,GRANT AV,ACADEMY RD & GRANT AVE,-75.00727005120,40.06916284290
BUSTLETON AV,LEVICK ST,BUSTLETON AVE & LEVICK ST,-75.07052400010,40.03561923370
BUSTLETON AV,COTTMAN AV,BUSTLETON AVE & COTTMAN AVE,-75.05993725280,40.04775231670
COTTMAN AV,RISING SUN,COTTMAN AVE & RISING SUN AVE,-75.08383426930,40.06147383160
ACADMEY RD,RED LION,ACADEMY RD & RED LION RD,-74.99723466810,40.08002408870
RHAWN ST,ROWLAND AV,RHAWN ST & ROWLAND AVE,-75.03154161960,40.04568229490
BUSTLETON AV,SOLLY AV,BUSTLETON AVE & SOLLY AVE,-75.05168546330,40.06314243940
BUSTLETON AV,HELLERMAN ST,BUSTLETON AVE & HELLERMAN ST,-75.06926295520,40.03681031330
RISING SUN,BENNER,RISING SUN AVE & BENNER ST,-75.09956585760,40.04605718670
ROOSEVELT BLVD,GRANT AV,E ROOSEVELT BLVD & GRANT AVE,-75.02895281920,40.08096931400
FRANKFORD AV,WELLINGTON AV,FRANKFORD AVE & WELLINGTON ST,-75.04243452260,40.03596249020
CASTOR AV,HOFFNAGLE ST,CASTOR AVE & HOFFNAGLE ST,-75.05263662280,40.06555482570
BUSTLETON AV,GLENDALE AV,BUSTLETON AVE & GLENDALE AVE,-75.05396919080,40.05493142060
RISING SUN,COMLY,RISING SUN AVE & COMLY ST,-75.10110699990,40.04503970510
TORRESDALE AV,CHELTENHAM AV,TORRESDALE AVE & E CHELTENHAM AVE,-75.06338601010,40.01552102750
COTTMAN AV,LORETTO AV,COTTMAN AVE & LORETTO AVE,-75.06772433540,40.05214658770
CHAMPLOST AV,A ST,E CHAMPLOST AVE & A ST,-75.11844514820,40.04120434610
ROOSEVELT BLVD,WOODWARD ST,E ROOSEVELT BLVD & WOODWARD ST,-75.03829933940,40.07126288690
ROOSEVELT BLVD,UNRUH AV,E ROOSEVELT BLVD & UNRUH AVE,-75.06305765070,40.03714191660
ADMEY RD,AVALON ST,ACADEMY RD & AVALON ST,-75.00089835490,40.07582679990
HUNTING PARK,L St,E HUNTING PARK AVE & L ST,-75.10221797640,40.01079014130
ROOSEVELT BLVD,BORBECK AV,E ROOSEVELT BLVD & BORBECK AVE,-75.04951011750,40.05432549640
COTTMAN AV,ROOSEVELT BLVD,COTTMAN AVE & E ROOSEVELT BLVD,-75.05464795820,40.04464634130
COTTMAN AV,HANFORD ST,COTTMAN AVE & HANFORD ST,-75.05772602900,40.04641155200
BUSTLETON AV,BLEIGH AV,BUSTLETON AVE & BLEIGH AVE,-75.05828529800,40.04968900410
BUSTLETON AV,HENDRIX ST,BUSTLETON AVE & HENDRIX ST,-75.01800541010,40.11891014170
CASTOR AV,GLENDALE AV,CASTOR AVE & GLENDALE AVE,-75.06173731250,40.05589322690
COTTMAN AV,RUPERT ST,COTTMAN AVE & RUPERT ST,-75.05638403000,40.04564091550
BUSTLETON AV,MAGEE AV,BUSTLETON AVE & MAGEE AVE,-75.06800371550,40.03806085760
BUSTLETON AV,TOMLINSON RD,BUSTLETON AVE & TOMLINSON RD,-75.02304283000,40.11299908880
VERREE RD,SUSQUEHANNA RD,VERREE RD & SUSQUEHANNA RD,-75.06846471100,40.08016550350
ROOSEVELT BLVD,HORNIG ST,E ROOSEVELT BLVD & HORNIG RD,-74.99101240720,40.11235774060
G ST,HUNTING PARK,G ST & E HUNTING PARK AVE,-75.11216241930,40.01208644770
BUSTLETON AV,LAWLER ST,BUSTLETON AVE & LAWLER ST,-75.02514251950,40.10995671260
ROOSEVELT BVLD,LANGDON ST,E ROOSEVELT BLVD & LANGDON ST,-75.09916996410,40.02740163140
TORRESDALE AV,ROBBINS AV,TORRESDALE AVE & ROBBINS ST,-75.05372604260,40.02051417800
ALLEGHENY AV,ARAMINGO AV,E ALLEGHENY AVE & ARAMINGO AVE,-75.10632634530,39.98852519730
ARAMINGO AV,ALLEGHENY AV,ARAMINGO AVE & E ALLEGHENY AVE,-75.10632634530,39.98852519730
ERIE AV,A ST,E ERIE AVE & A ST,-75.12517984950,40.00744516950
ERIE AV,A ST,E ERIE AVE & A ST,-75.12517984950,40.00744516950
ROOSEVELT BLVD,FAUNCE ST,E ROOSEVELT BLVD & FAUNCE ST,-75.05149608360,40.05046025970
STATE RD,I-95,STATE RD & RHAWN ST,-75.02176222540,40.03124650220
STATE RD,I-95,STATE RD & RHAWN ST,-75.02176222540,40.03124650220
ROOSEVELT BLVD,HALDMEAN AV,E ROOSEVELT BLVD & HALDEMAN AVE,-75.00864297300,40.10021229150
BUSTLETON AV,HALDMEAN AV,BUSTLETON AVE & HALDEMAN AVE,-75.03092856910,40.09405248580
FRANKFORD AVE,KNORR ST,FRANKFORD AVE & KNORR ST,-75.05097354410,40.03232582270
RIDGE AV,WALNUT LN,RIDGE AVE & WALNUT LN,-75.20943747130,40.02697058300
RIDGE AV,GREEN LN,RIDGE AVE & GREEN LN,-75.21593646690,40.03411752030
RIDGE AV,HERMITAGE ST,RIDGE AVE & HERMITAGE ST,-75.21876006370,40.03665586920
RIDGE AV,DOMINO LN,RIDGE AVE & DOMINO LN,-75.23204161070,40.04532922220
RIDGE AV,CATHEDRAL RD,RIDGE AVE & CATHEDRAL RD,-75.23966854460,40.06401817150
HENRY AV,INDIAN QUEEN,HENRY AVE & INDIAN QUEEN LN,-75.18416813690,40.01337012220
HENRY AV,SCHOOL HOUSE,HENRY AVE & W SCHOOL HOUSE,-75.19240532060,40.02049690800
WALNUT LN,HENRY AV,WALNUT LN & HENRY AVE,-75.20561601390,40.02866208320
HENRY AV,WALNUT LN,HENRY AVE & WALNUT LN,-75.20561601390,40.02866208320
RIDGE AV,MAIN ST,RIDGE AVE & MAIN ST,-75.20870022590,40.01548127640
OREGON AV,BROAD ST,OREGON AVE & S BROAD ST,-75.17142350110,39.91675865700
TASKER ST,BROAD ST,TASKER ST & S BROAD ST,-75.16842312560,39.93046667530
OREGON AV,20TH ST,OREGON AVE & S 20TH ST,-75.18090071280,39.91797227480
OREGON AV,21ST ST,OREGON AVE & S 21ST ST,-75.18282151040,39.91823358830
OREGON AV,21ST ST,OREGON AVE & S 21ST ST,-75.18282151040,39.91823358830
MORRIS ST,BROAD ST,MORRIS ST & S BROAD ST,-75.16868918310,39.92925737230
PASSYUNK AV,19TH ST,W PASSYUNK AVE & S 19TH ST,-75.17798328540,39.92395289140
BROAD ST,CHRISTIAN ST,S BROAD ST & CHRISTIAN ST,-75.16636151720,39.94003157990
BROAD ST,FEDERAL ST,S BROAD ST & FEDERAL ST,-75.16730335330,39.93569699400
BROAD ST,TASKER ST,S BROAD ST & TASKER ST,-75.16842312560,39.93046667530
BROAD ST,CURTIN ST,S BROAD ST & CURTIN ST,-75.17305269470,39.91051435710
BROAD ST,PATTISON AV,S BROAD ST & PATTISON AVE,-75.17414180760,39.90543468670
BROAD ST,PACKER AV,S BROAD ST & PACKER AVE,-75.17276425090,39.91184333840
BROAD ST,CHRISTIAN ST,S BROAD ST & CHRISTIAN ST,-75.16636151720,39.94003157990
BROAD ST,CHRISTIAN ST,S BROAD ST & CHRISTIAN ST,-75.16636151720,39.94003157990
OREGON AV,5TH ST,OREGON AVE & S 5TH ST,-75.15670929160,39.91487081310
OREGON AV,5TH ST,OREGON AVE & S 5TH ST,-75.15670929160,39.91487081310
16TH ST,FITZWATER,S 16TH ST & FITZWATER ST,-75.16916648540,39.94221871990
16TH ST,FITZWATER,S 16TH ST & FITZWATER ST,-75.16916648540,39.94221871990
16TH ST,MOYAMENSING ST,S 16TH ST & W MOYAMENSING AVE,-75.17491807580,39.91577942190
16TH ST,MOYAMENSING ST,S 16TH ST & W MOYAMENSING AVE,-75.17491807580,39.91577942190
11TH ST,PATTISON AV,S 11TH ST & PATTISON AVE,-75.16851489510,39.90475007430
11TH ST,PATTISON AV,S 11TH ST & PATTISON AVE,-75.16851489510,39.90475007430
PATTISON AV,LAWRENCE ST,PATTISON AVE & S LAWRENCE ST,-75.15843135010,39.90346352570
PATTISON AV,20TH ST,PATTISON AVE & S 20TH ST,-75.18338896610,39.90661863660
BROAD ST,ZINKOFF,S BROAD ST & ZINKOFF BLVD,-75.17465663470,39.90297463250
BROAD ST,JACKSON ST,S BROAD ST & JACKSON ST,-75.17002471210,39.92313905360
LINDBERGH BLVD,70TH ST,LINDBERGH BLVD & S 70TH ST,-75.23078462960,39.91118571280
LINDBERGH BLVD,80TH ST,LINDBERGH BLVD & S 80TH ST,-75.24745992870,39.90236338620
LINDBERGH BLVD,78TH ST,LINDBERGH BLVD & S 78TH ST,-75.24324031900,39.90368928190
65TH ST,WOODLAND AV,S 65TH ST & WOODLAND AVE,-75.23432826510,39.92557419430
LINDBERGH BLVD,72ND ST,LINDBERGH BLVD & S 72ND ST,-75.23317484320,39.90907509750
BARTRAM AV,TINICUM AV,BARTRAM AVE & TINICUM BLVD,-75.24503282940,39.89037757680
WOODLAND AV,50TH ST,WOODLAND AVE & S 50TH ST,-75.21386547410,39.93997560680
58TH ST,GREENWAY AV,S 58TH ST & GREENWAY AVE,-75.22586093790,39.93348214530
LINDBERGH BLVD,68TH ST,LINDBERGH BLVD & S 68TH ST,-75.22734138160,39.91350432520
BARTRAM AV,84TH ST,BARTRAM AVE & S 84TH ST,-75.24196098960,39.89192381090
BARTRAM AV,84TH ST,BARTRAM AVE & S 84TH ST,-75.24196098960,39.89192381090
1 84TH,S/O LINDBERGH,S 84TH ST & LINDBERGH BLVD,-75.25244567160,39.89750694690
84TH ST,LINDBERGH BLVD,S 84TH ST & LINDBERGH BLVD,-75.25244567160,39.89750694690
84TH ST,CRANE ST,S 84TH ST & CRANE ST,-75.24713288450,39.89407021640
CHESTNUT ST,34TH ST,CHESTNUT ST & S 34TH ST,-75.19177958490,39.95433069930
CHESTNUT ST,34TH ST,CHESTNUT ST & S 34TH ST,-75.19177958490,39.95433069930
33RD ST,SPRUCE ST,S 33RD ST & SPRUCE ST,-75.19169040020,39.95032170620
33RD ST,SPRUCE ST,S 33RD ST & SPRUCE ST,-75.19169040020,39.95032170620
UNIVERSITY AV,WOODLAND AV,UNIVERSITY AVE & WOODLAND AVE,-75.20115753350,39.94984044330
UNIVERSITY AV,WOODLAND AV,UNIVERSITY AVE & WOODLAND AVE,-75.20115753350,39.94984044330
WOODLAND AV,43RD ST,WOODLAND AVE & S 43RD ST,-75.20838441260,39.94565560870
CHESTNUT ST,32ND ST,CHESTNUT ST & S 32ND ST,-75.18738779820,39.95378812860
CIVIC CENTER,34TH,CIVIC CENTER BLVD & S 34TH ST,-75.19310033170,39.94810082010
34TH ST,SPRUCE ST,S 34TH ST & SPRUCE ST,-75.19258718770,39.95044737850
33RD ST,WALNUT ST,S 33RD ST & WALNUT ST,-75.19003530170,39.95255562810
SPRUCE ST,38TH ST,SPRUCE ST & S 38TH ST,-75.19920568340,39.95125835540
CHESTNUT ST,30TH ST,CHESTNUT ST & S 30TH ST,-75.18374157640,39.95333646940
CHESTER AV,43RD ST,CHESTER AVE & S 43RD ST,-75.20905245480,39.94840065460
CHESTNUT ST,40TH ST,CHESTNUT ST & S 40TH ST,-75.20227410020,39.95563137510
WALNUT ST,39TH ST,WALNUT ST & S 39TH ST,-75.20026098560,39.95382173640
WALNUT ST,39TH ST,WALNUT ST & S 39TH ST,-75.20026098560,39.95382173640
BALTIMORE AV,53RD ST,BALTIMORE AVE & S 53RD ST,-75.22944958480,39.94778083530
BALTIMORE AV,53RD ST,BALTIMORE AVE & S 53RD ST,-75.22944958480,39.94778083530
CONSHOHOCKEN AV,W COUNTRY,CONSHOHOCKEN AVE & W COUNTRY CLUB RD,-75.20770675360,40.00271536570
CONSHOHOCKEN AV,W COUNTRY,CONSHOHOCKEN AVE & W COUNTRY CLUB RD,-75.20770675360,40.00271536570
54TH ST,CITY AV,N 54TH ST & CITY AVE,-75.23528612300,39.99708929730
LANCASTER AV,41ST ST,LANCASTER AVE & N 41ST ST,-75.20546777110,39.96509100760
SPRUCE ST,49TH ST,SPRUCE ST & S 49TH ST,-75.22008120870,39.95385042820
CITY AV,BELMONT AV,CITY AVE & BELMONT AVE,-75.22069649210,40.00392560350
GIRARD AV,39TH ST,W GIRARD AVE & N 39TH ST,-75.20173701350,39.97439587800
CITY AV,CONSHOHOCKEN AV,CITY AVE & CONSHOHOCKEN AVE,-75.22641470060,40.00123971170
52ND ST,PINE ST,S 52ND ST & PINE ST,-75.22622412890,39.95352912280
52ND ST,HAVERFORD AV,N 52ND ST & HAVERFORD AVE,-75.22459124710,39.96489703750
HAVERFORD AV,MALVERN AV,HAVERFORD AVE & MALVERN AVE,-75.26305409050,39.97575006620
PARKSIDE AV,49TH ST,PARKSIDE AVE & N 49TH ST,-75.21933368920,39.99217283740
BALTIMORE AV,43RD ST,BALTIMORE AVE & S 43RD ST,-75.20926016360,39.94954275360
BALTIMORE AV,43RD ST,BALTIMORE AVE & S 43RD ST,-75.20926016360,39.94954275360
CITY AV,PRESIDENTIAL BLVD,CITY AVE & PRESIDENTIAL BLVD,-75.21076679720,40.00855247210
CITY AV,PRESIDENTIAL BLVD,CITY AVE & PRESIDENTIAL BLVD,-75.21076679720,40.00855247210
GIRARD AV,34TH ST,W GIRARD AVE & N 34TH ST,-75.19489864070,39.97516312170
GIRARD AV,34TH ST,W GIRARD AVE & N 34TH ST,-75.19489864070,39.97516312170
60TH ST,LANSDOWNE AV,N 60TH ST & LANSDOWNE AVE,-75.24023502040,39.97591841010
60TH ST,LANSDOWNE AV,N 60TH ST & LANSDOWNE AVE,-75.24023502040,39.97591841010
FORD RD,CRANSTON RD,FORD RD & CRANSTON RD,-75.20969682760,39.99965137150
BELMONT AV,MANTUA AV,BELMONT AVE & MANTUA AVE,-75.21205577270,39.97250894810
BALTIMORE AV,58TH ST,BALTIMORE AVE & S 58TH ST,-75.24005315990,39.94591858100
CONSHOHOCKEN AV,E COUNTRY,CONSHOHOCKEN AVE & E COUNTRY CLUB RD,-75.20319533220,40.00339480230
BELMONT AV,CONSHOHOCKEN AV,BELMONT AVE & CONSHOHOCKEN AVE,-75.21955143790,39.99984073710
ZOOLOGICAL ST,GIRARD AV,ZOOLOGICAL ST & W GIRARD AVE,-75.19541223660,39.97510346320
SPRUCE ST,60TH ST,SPRUCE ST & S 60TH ST,-75.24188944570,39.95655399440
54TH ST,UPLAND WAY,N 54TH ST & UPLAND WAY,-75.23079185510,39.98251769870
LANCASTER AV,47TH ST,LANCASTER AVE & N 47TH ST,-75.21608588360,39.97161939750
LANSDOWNE AV,56TH ST,LANSDOWNE AVE & N 56TH ST,-75.23369114610,39.97664392330
LANCASTER AV,47TH ST,LANCASTER AVE & N 47TH ST,-75.21608588360,39.97161939750
LANCASTER AV,47TH ST,LANCASTER AVE & N 47TH ST,-75.21608588360,39.97161939750
63RD ST,COLUMBIA AVE,N 63RD ST & W COLUMBIA AVE,-75.24654142640,39.98064668300
63RD ST,COLUMBIA AVE,N 63RD ST & W COLUMBIA AVE,-75.24654142640,39.98064668300
LANDSDOWNE AV,N 60TH ST,LANSDOWNE AVE & N 60TH ST,-75.24023502040,39.97591841010
